GID_0,lon,lat,oppc
BRA,-56.729,-2.63741,3964
BRA,-61.3692,3.64571,144
BRA,-60.6753,2.82384,311
BRA,-60.6058,2.60994,346
BRA,-61.0415,2.18305,414
BRA,-60.9096,2.43998,376
BRA,-59.6204,3.8853,93
BRA,-61.1477,4.4799,21
BRA,-60.1815,4.60314,18
BRA,-48.8788,-1.72183,3253
BRA,-48.1985,-1.95383,3406
BRA,-50.4791,-6.79053,9125
BRA,-54.7384,-1.94623,3367
BRA,-52.5788,-1.52904,3083
BRA,-52.21,-3.20407,4677
BRA,-49.9354,-0.996811,2536
BRA,-48.3743,-1.36391,2963
BRA,-51.2003,-3.46985,4867
BRA,-47.5677,-2.14898,3560
BRA,-55.3199,-3.60841,5028
BRA,-50.1987,-1.90057,3394
BRA,-49.6694,-2.79021,4167
BRA,-50.3959,-7.34779,10059
BRA,-48.6195,-1.51187,3107
BRA,-54.9374,-2.63609,3975
BRA,-48.2434,-1.36183,2964
BRA,-48.6047,-5.0424,6861
BRA,-46.7826,-1.06126,2691
BRA,-48.4103,-5.69822,7762
BRA,-49.5735,-3.77191,5248
BRA,-48.0381,-1.51762,3110
BRA,-48.9503,-1.01226,2678
BRA,-49.4979,-2.24295,3699
BRA,-49.8776,-6.49659,8666
BRA,-47.1778,-1.20529,2828
BRA,-47.0629,-1.74785,3264
BRA,-47.9167,-1.29797,2824
BRA,-48.2803,-0.936423,2545
BRA,-49.2689,-8.26136,11233
BRA,-47.9422,-1.99238,3408
BRA,-50.7698,-7.81097,10525
BRA,-49.6068,-6.09965,8211
BRA,-49.7952,-1.81179,3248
BRA,-47.8245,-4.19944,5830
BRA,-49.3553,-6.10389,8212
BRA,-56.7405,-2.16805,3655
BRA,-49.7125,-7.55335,10298
BRA,-47.0505,-1.92986,3413
BRA,-49.0974,-3.84338,5439
BRA,-47.626,-1.12539,2686
BRA,-48.9575,-1.97533,3402
BRA,-47.9114,-1.4349,2966
BRA,-47.5059,-2.55992,4019
BRA,-47.446,-1.76984,3262
BRA,-55.9926,-4.2667,5781
BRA,-49.3358,-5.13272,6856
BRA,-49.1153,-4.44617,6022
BRA,-56.0889,-2.16347,3509
BRA,-49.3903,-1.8985,3399
BRA,-49.1327,-5.38075,7305
BRA,-52.8875,-3.44637,4857
BRA,-50.7149,-1.8032,3242
BRA,-49.5042,-2.5831,4007
BRA,-48.7668,-1.88993,3403
BRA,-54.0724,-1.99768,3371
BRA,-49.2224,-1.53936,3103
BRA,-46.9731,-2.26693,3714
BRA,-49.0822,-4.91622,6645
BRA,-47.3921,-1.20874,2827
BRA,-55.3786,-7.14347,9561
BRA,-49.9499,-4.24749,5817
BRA,-49.8628,-2.00358,3546
BRA,-51.0858,-6.7529,9121
BRA,-50.6399,-3.83542,5430
BRA,-48.3181,-5.74027,7763
BRA,-47.3527,-3.00212,4524
BRA,-49.9037,-6.06781,8209
BRA,-46.9268,-1.59772,3117
BRA,-48.8716,-6.43778,8672
BRA,-54.2124,-3.86813,5408
BRA,-48.8661,-1.39587,2960
BRA,-50.8194,-1.93639,3391
BRA,-53.4779,-1.798,3226
BRA,-50.0317,-8.02529,10996
BRA,-50.0379,-7.31236,9826
BRA,-54.9092,-4.10028,5593
BRA,-48.5139,-0.758444,2410
BRA,-48.238,-1.19219,2822
BRA,-49.1771,-0.661019,2276
BRA,-48.1606,-1.29686,2823
BRA,-49.7215,-8.85784,12147
BRA,-47.5712,-1.35392,2968
BRA,-50.35,-9.3281,12597
BRA,-54.6996,-2.43849,3819
BRA,-48.0246,-0.747293,2413
BRA,-48.7366,-5.53732,7533
BRA,-47.7665,-1.68768,3260
BRA,-51.9904,-6.64254,8884
BRA,-47.7917,-1.16963,2825
BRA,-48.5592,-6.39471,8674
BRA,-48.7926,-5.36334,7307
BRA,-47.4784,-1.61307,3114
BRA,-49.5249,-1.71597,3249
BRA,-49.6834,-6.94018,9361
BRA,-48.9489,-2.94584,4336
BRA,-56.4877,-2.10443,3507
BRA,-48.1415,-2.41302,3859
BRA,-55.9429,-4.57347,6186
BRA,-49.6773,-3.7657,5247
BRA,-47.4892,-3.75007,5261
BRA,-53.7396,-3.71519,5223
BRA,-48.1386,-0.861194,2546
BRA,-52.0088,-2.87922,4317
BRA,-49.9437,-7.0983,9594
BRA,-51.2891,-0.11336,1884
BRA,-49.1518,-9.62101,13049
BRA,-47.4702,-6.55409,8911
BRA,-48.9361,-11.3056,14971
BRA,-47.1792,-11.5706,15317
BRA,-49.1249,-12.4785,16120
BRA,-48.0735,-6.36437,8677
BRA,-47.8611,-6.39179,8678
BRA,-47.9638,-9.94139,13479
BRA,-48.5291,-7.16005,9602
BRA,-49.5569,-8.80755,11921
BRA,-49.8231,-12.9289,16566
BRA,-48.2044,-7.19238,9837
BRA,-48.6395,-6.58225,8904
BRA,-48.1232,-5.64659,7537
BRA,-49.0637,-7.65463,10302
BRA,-46.9359,-12.9287,16583
BRA,-47.8863,-5.46863,7312
BRA,-46.4076,-12.7105,16440
BRA,-47.7701,-5.61275,7539
BRA,-47.7613,-7.20923,9840
BRA,-48.5836,-7.75612,10538
BRA,-47.6776,-7.69593,10543
BRA,-48.7252,-9.83404,13474
BRA,-48.8893,-7.87481,10770
BRA,-48.165,-8.96306,12157
BRA,-48.4822,-8.38918,11469
BRA,-48.5683,-11.0058,14804
BRA,-48.2271,-5.31448,7084
BRA,-47.9234,-6.1156,8221
BRA,-46.8645,-7.98956,10782
BRA,-48.3978,-7.03262,9603
BRA,-48.0314,-5.31415,7085
BRA,-47.3304,-8.96103,12162
BRA,-49.1403,-10.1419,13671
BRA,-47.7486,-11.6175,15314
BRA,-48.4757,-8.05764,11006
BRA,-46.5388,-12.7917,16439
BRA,-47.2951,-12.2209,15971
BRA,-49.1942,-10.5985,14255
BRA,-48.9152,-11.0994,14802
BRA,-47.7597,-6.71591,9141
BRA,-46.8198,-11.624,15320
BRA,-49.2169,-9.80018,13264
BRA,-49.0638,-9.25534,12605
BRA,-49.2716,-11.3416,15138
BRA,-48.5378,-5.36593,7308
BRA,-48.9076,-10.7603,14444
BRA,-47.4954,-7.33501,10077
BRA,-49.5316,-11.7976,15468
BRA,-48.9313,-8.77413,11925
BRA,-47.3252,-7.71478,10546
BRA,-48.5114,-8.83543,12154
BRA,-49.068,-11.7279,15471
BRA,-47.7726,-8.39293,11473
BRA,-47.4864,-5.77267,7768
BRA,-48.1072,-8.37982,11471
BRA,-48.6895,-8.57172,11697
BRA,-48.589,-12.6509,16277
BRA,-49.0643,-8.11951,11002
BRA,-49.6199,-10.7906,14440
BRA,-47.538,-10.368,14073
BRA,-48.3565,-9.74996,13269
BRA,-46.6738,-9.59002,13063
BRA,-47.8582,-6.17794,8449
BRA,-49.6553,-9.79377,13262
BRA,-47.5125,-5.95169,7995
BRA,-48.393,-9.56556,13053
BRA,-48.5922,-9.52907,13052
BRA,-48.1114,-10.7611,14449
BRA,-48.9941,-10.0075,13672
BRA,-47.5464,-6.61658,8910
BRA,-47.7223,-11.7034,15479
BRA,-47.6643,-6.37496,8680
BRA,-48.4252,-7.63171,10306
BRA,-47.6785,-9.97063,13480
BRA,-47.9242,-7.84786,10776
BRA,-48.8823,-10.175,13870
BRA,-47.8734,-12.6167,16281
BRA,-49.367,-7.53919,10300
BRA,-48.1729,-8.97034,12156
BRA,-48.5395,-12.0254,15802
BRA,-48.9327,-8.5932,11696
BRA,-48.7638,-8.72463,11926
BRA,-47.5726,-11.1311,14810
BRA,-48.2958,-6.77302,9138
BRA,-49.1876,-10.442,14063
BRA,-46.4825,-12.0853,15815
BRA,-47.5276,-10.7481,14452
BRA,-48.408,-10.7027,14447
BRA,-47.8111,-5.39281,7313
BRA,-48.5062,-8.5406,11698
BRA,-48.8957,-10.424,14065
BRA,-47.2421,-8.7227,11935
BRA,-47.888,-9.35002,12836
BRA,-48.7165,-7.15803,9601
BRA,-47.7887,-8.8046,11932
BRA,-48.9161,-10.8617,14630
BRA,-48.1216,-11.4474,15145
BRA,-47.8033,-10.2746,13877
BRA,-47.6684,-6.44438,8679
BRA,-47.5743,-5.56305,7540
BRA,-48.2352,-12.7458,16429
BRA,-48.2353,-11.9743,15641
BRA,-48.1694,-11.1471,14806
BRA,-48.9685,-11.993,15637
BRA,-46.437,-12.4026,16136
BRA,-49.0896,-12.7949,16424
BRA,-48.3558,-10.24,13873
BRA,-47.4224,-6.32447,8452
BRA,-47.9601,-6.85274,9372
BRA,-47.5004,-4.94714,6654
BRA,-43.3275,-4.13631,5663
BRA,-42.1189,-2.84048,4377
BRA,-44.4062,-2.39574,3881
BRA,-43.4689,-4.62621,6261
BRA,-45.4706,-4.16598,5650
BRA,-44.446,-4.213,5850
BRA,-45.8421,-3.66689,5270
BRA,-45.9303,-9.10273,12397
BRA,-46.7473,-5.56913,7545
BRA,-44.6126,-3.26269,4723
BRA,-43.1014,-3.67577,5287
BRA,-45.6589,-2.94644,4356
BRA,-41.905,-2.89091,4378
BRA,-46.0032,-4.88347,6663
BRA,-44.062,-2.83939,4365
BRA,-44.7832,-4.22447,5848
BRA,-44.3164,-2.96452,4364
BRA,-45.1328,-1.6965,3276
BRA,-46.0372,-7.53214,10320
BRA,-43.0261,-6.74463,9169
BRA,-45.2485,-5.49682,7328
BRA,-42.8232,-2.75863,4207
BRA,-45.3075,-3.72618,5274
BRA,-44.5577,-7.21037,9859
BRA,-44.7842,-2.44162,3879
BRA,-44.7608,-4.62666,6253
BRA,-45.606,-3.54129,5086
BRA,-46.8641,-4.47638,6035
BRA,-45.0326,-4.37311,6046
BRA,-42.7527,-3.67796,5289
BRA,-45.581,-4.334,6043
BRA,-42.9179,-3.94169,5476
BRA,-43.8353,-5.83239,7789
BRA,-46.4409,-4.32375,5838
BRA,-47.0131,-5.59823,7543
BRA,-44.6741,-2.87326,4361
BRA,-45.0145,-3.32742,4720
BRA,-45.7161,-1.43265,2979
BRA,-44.383,-3.63757,5093
BRA,-44.328,-4.7236,6463
BRA,-43.3617,-4.86505,6679
BRA,-44.5281,-2.00027,3578
BRA,-46.0345,-2.44891,3871
BRA,-46.1228,-2.12696,3569
BRA,-43.3538,-3.73875,5285
BRA,-47.7781,-5.17465,7087
BRA,-43.8924,-4.45562,6053
BRA,-43.0108,-4.25245,5858
BRA,-44.2543,-6.03199,8243
BRA,-44.1244,-4.13442,5658
BRA,-44.8644,-1.81475,3277
BRA,-47.4217,-5.54637,7541
BRA,-44.4409,-5.03518,6886
BRA,-42.9477,-4.15002,5665
BRA,-44.6926,-4.87938,6671
BRA,-46.6786,-6.96508,9379
BRA,-44.8979,-6.16207,8239
BRA,-46.1916,-6.44017,8688
BRA,-46.1749,-6.95983,9382
BRA,-44.1565,-5.72792,7788
BRA,-44.3013,-5.1475,6887
BRA,-44.2469,-5.31897,7108
BRA,-44.0774,-5.47835,7335
BRA,-45.6619,-3.43245,4901
BRA,-45.8777,-2.12899,3570
BRA,-44.3358,-5.40547,7333
BRA,-46.1462,-5.81367,7776
BRA,-43.4649,-2.59828,4043
BRA,-45.2114,-3.65771,5088
BRA,-44.8558,-4.6625,6252
BRA,-45.7877,-5.14252,6878
BRA,-44.3508,-3.40202,4908
BRA,-47.5235,-4.45293,6031
BRA,-44.2153,-5.82282,7787
BRA,-45.6356,-5.36237,7326
BRA,-47.4064,-5.44363,7315
BRA,-46.09,-1.83888,3419
BRA,-45.1319,-4.56974,6251
BRA,-44.826,-3.94661,5465
BRA,-43.5333,-6.05023,8247
BRA,-45.3816,-4.98893,6667
BRA,-47.0293,-6.18539,8454
BRA,-44.4646,-4.51837,6255
BRA,-45.1451,-7.08111,9623
BRA,-45.4531,-4.62806,6249
BRA,-45.8507,-2.24078,3720
BRA,-43.1112,-3.62035,5101
BRA,-45.035,-3.09849,4538
BRA,-43.2018,-5.51359,7566
BRA,-44.5468,-3.6244,5092
BRA,-42.6131,-3.57443,5104
BRA,-44.3683,-6.37454,8699
BRA,-44.7787,-2.07094,3577
BRA,-45.2496,-3.48125,4903
BRA,-47.0673,-5.83067,7770
BRA,-43.9134,-3.46788,4911
BRA,-45.6953,-2.84227,4355
BRA,-45.1163,-4.13417,5652
BRA,-44.8933,-2.64433,4035
BRA,-43.9792,-6.4264,8702
BRA,-43.1011,-5.67365,7794
BRA,-43.7755,-6.17745,8474
BRA,-44.0745,-6.60296,8931
BRA,-42.5258,-2.72094,4208
BRA,-45.2398,-4.44485,6045
BRA,-44.6006,-4.56482,6254
BRA,-45.3493,-2.97272,4357
BRA,-45.1768,-3.27674,4719
BRA,-44.3369,-4.37459,6050
BRA,-45.342,-3.60985,5087
BRA,-45.0788,-2.52224,4034
BRA,-45.1759,-3.89315,5462
BRA,-44.2216,-3.72041,5280
BRA,-44.9432,-4.74626,6459
BRA,-47.3962,-6.34149,8681
BRA,-44.495,-5.2898,7107
BRA,-45.82,-2.38991,3873
BRA,-45.3595,-2.58799,4032
BRA,-44.0234,-3.40787,4910
BRA,-44.0973,-2.4254,3882
BRA,-46.6225,-7.35819,10082
BRA,-47.3888,-5.93067,7996
BRA,-45.3515,-7.13447,9621
BRA,-44.5638,-5.49671,7332
BRA,-45.29,-2.24426,3724
BRA,-45.69,-4.06873,5648
BRA,-45.7801,-2.51123,4030
BRA,-42.5688,-3.49308,4919
BRA,-44.3211,-3.14241,4543
BRA,-42.4064,-3.109,4554
BRA,-43.238,-2.50068,4044
BRA,-44.3653,-4.86613,6673
BRA,-43.5287,-3.33515,4913
BRA,-44.8289,-2.69781,4197
BRA,-42.4191,-3.37223,4920
BRA,-44.6509,-6.81471,9160
BRA,-44.3822,-5.58095,7559
BRA,-47.389,-5.12584,6868
BRA,-42.8668,-6.25159,8479
BRA,-47.0594,-6.45634,8683
BRA,-43.8163,-5.10821,6890
BRA,-43.7036,-6.4934,8703
BRA,-44.5809,-5.05493,6885
BRA,-44.2825,-2.53874,4039
BRA,-44.6654,-4.38541,6049
BRA,-44.4707,-4.03736,5656
BRA,-48.4291,-5.08472,6862
BRA,-45.0696,-5.11053,6882
BRA,-44.8681,-2.89487,4360
BRA,-45.2457,-4.04913,5651
BRA,-44.0533,-5.25096,7109
BRA,-47.2959,-5.4461,7316
BRA,-45.1207,-1.85229,3425
BRA,-46.7033,-5.87601,8000
BRA,-44.1919,-6.47839,8700
BRA,-43.5455,-6.40858,8704
BRA,-43.932,-4.25597,5853
BRA,-42.8329,-5.09769,6896
BRA,-45.6238,-3.67355,5272
BRA,-44.6444,-5.25476,7106
BRA,-45.3798,-1.65893,3126
BRA,-43.3878,-3.20642,4730
BRA,-43.917,-3.53639,5096
BRA,-44.9912,-3.20451,4721
BRA,-44.8643,-3.45125,4905
BRA,-45.2505,-4.28184,5845
BRA,-45.6553,-3.27014,4717
BRA,-41.0831,-8.21954,11282
BRA,-42.6664,-5.79676,7797
BRA,-42.637,-5.88856,8025
BRA,-40.9282,-7.00039,9648
BRA,-40.8566,-7.24196,9881
BRA,-42.2096,-5.25634,7120
BRA,-42.4612,-5.03888,6898
BRA,-43.777,-8.42418,11497
BRA,-42.74,-6.08786,8252
BRA,-43.0494,-9.18564,12641
BRA,-44.1889,-7.21276,9861
BRA,-41.7822,-6.11022,8258
BRA,-42.5418,-6.65075,8940
BRA,-41.0389,-5.865,8034
BRA,-43.9563,-10.1345,13702
BRA,-42.2922,-4.24468,5863
BRA,-45.4702,-9.9296,13494
BRA,-42.0787,-4.0223,5670
BRA,-40.9688,-7.36652,10116
BRA,-42.3638,-5.45676,7345
BRA,-43.9498,-7.63338,10333
BRA,-40.7989,-8.14376,11052
BRA,-42.1357,-4.41404,6064
BRA,-44.359,-9.07124,12406
BRA,-41.6403,-3.19631,4741
BRA,-42.8865,-9.1605,12415
BRA,-41.7859,-4.1337,5672
BRA,-42.8229,-8.20314,11272
BRA,-41.8695,-3.18259,4739
BRA,-41.0933,-5.30584,7127
BRA,-42.3069,-4.4773,6063
BRA,-42.3903,-6.79667,9173
BRA,-41.3408,-2.93111,4381
BRA,-40.6366,-7.3314,9883
BRA,-41.0315,-7.12827,9647
BRA,-42.64,-3.80441,5290
BRA,-42.1641,-4.8217,6476
BRA,-43.7233,-7.68821,10567
BRA,-42.9517,-8.1111,11039
BRA,-41.944,-4.457,6065
BRA,-41.814,-8.49655,11509
BRA,-43.329,-9.27933,12640
BRA,-41.8425,-3.47525,4923
BRA,-40.9848,-7.73435,10584
BRA,-41.5499,-5.31869,7124
BRA,-41.5546,-3.47279,4925
BRA,-41.9587,-4.5571,6270
BRA,-41.4402,-3.62047,5111
BRA,-43.794,-8.1837,11266
BRA,-42.1756,-7.22651,9873
BRA,-42.5232,-8.81397,11963
BRA,-45.1633,-10.4333,14088
BRA,-45.1893,-10.6443,14279
BRA,-44.223,-8.82273,11953
BRA,-44.3002,-10.0326,13700
BRA,-42.8376,-5.60825,7568
BRA,-42.6776,-5.35875,7343
BRA,-42.4348,-9.33939,12869
BRA,-41.6396,-6.95332,9410
BRA,-41.2683,-4.2495,5869
BRA,-41.9697,-9.00516,12421
BRA,-42.1355,-6.19947,8484
BRA,-43.6705,-8.09629,11034
BRA,-42.2324,-3.88863,5480
BRA,-42.7912,-9.48342,12867
BRA,-42.2591,-6.39334,8712
BRA,-42.6881,-6.62606,8939
BRA,-40.788,-7.331,9882
BRA,-41.1288,-6.99491,9413
BRA,-40.6146,-7.08173,9650
BRA,-45.3423,-9.83001,13287
BRA,-43.5594,-6.78285,9166
BRA,-43.6943,-9.38647,12861
BRA,-41.818600000000004,-2.85774,4379
BRA,-41.7041,-6.665,8945
BRA,-41.7381,-6.82421,9177
BRA,-41.6735,-7.73597,10579
BRA,-43.0249,-7.59989,10338
BRA,-41.1371,-7.36229,10115
BRA,-41.817,-4.77025,6478
BRA,-42.1865,-3.50164,5106
BRA,-42.5746,-4.75146,6473
BRA,-44.2381,-10.3225,13898
BRA,-42.6309,-4.51539,6266
BRA,-41.5342,-8.47673,11510
BRA,-41.5969,-4.38505,6067
BRA,-42.6437,-5.41864,7344
BRA,-41.5653,-6.5076599999999996,8946
BRA,-43.9364,-7.25922,9863
BRA,-41.6641,-2.88438,4380
BRA,-40.6602,-7.44169,10118
BRA,-43.8926,-7.11565,9630
BRA,-42.8963,-4.16857,5859
BRA,-42.7436,-5.68077,7796
BRA,-41.4173,-4.68295,6480
BRA,-42.6075,-5.562,7570
BRA,-45.3037,-9.75364,13288
BRA,-43.9072,-9.71891,13296
BRA,-42.3024,-3.73337,5292
BRA,-42.6773,-6.97023,9403
BRA,-42.173,-4.63019,6268
BRA,-42.6184,-3.97574,5478
BRA,-41.9261,-6.44901,8714
BRA,-41.9325,-5.28749,7122
BRA,-42.1283,-7.01915,9641
BRA,-42.2474,-7.77375,10576
BRA,-43.056,-5.97086,8022
BRA,-44.63,-10.2166,13896
BRA,-42.443600000000004,-5.86036,8026
BRA,-42.3908,-5.26072,7119
BRA,-41.1431,-8.13436,11050
BRA,-43.2284,-7.96059,10804
BRA,-41.4482,-4.42585,6068
BRA,-42.0471,-8.09707,11044
BRA,-41.467,-7.07721,9645
BRA,-41.4113,-6.23839,8488
BRA,-40.6083,-6.83002,9184
BRA,-41.7088,-3.93335,5483
BRA,-41.7716,-4.27157,5866
BRA,-42.6998,-3.88815,5477
BRA,-44.1837,-6.96423,9394
BRA,-42.2046,-5.67265,7799
BRA,-41.4106,-8.57064,11741
BRA,-44.5811,-9.47937,12856
BRA,-42.6842,-6.23115,8480
BRA,-42.7128,-7.69028,10573
BRA,-45.2447,-7.55651,10325
BRA,-43.1369,-7.78029,10571
BRA,-41.9506,-5.80581,7801
BRA,-42.2814,-6.79581,9174
BRA,-41.6873,-8.23599,11278
BRA,-42.541,-7.2463,9871
BRA,-42.7095,-5.99393,8024
BRA,-41.2569,-3.95497,5486
BRA,-41.8923,-5.51081,7574
BRA,-41.8889,-6.94082,9408
BRA,-42.4459,-3.8186,5291
BRA,-42.2559,-8.35466,11506
BRA,-41.8308,-3.81411,5295
BRA,-42.5672,-7.48554,10106
BRA,-41.4731,-6.87194,9411
BRA,-40.8246,-7.08391,9649
BRA,-42.5496,-9.16463,12417
BRA,-42.1934,-5.85646,8027
BRA,-41.3165,-5.49729,7352
BRA,-42.6987,-9.01241,12416
BRA,-44.8337,-10.817,14468
BRA,-44.06,-7.56803,10332
BRA,-41.7311,-4.91665,6689
BRA,-40.8137,-7.59109,10352
BRA,-41.9075,-7.85294,10812
BRA,-42.4922,-7.86773,10809
BRA,-42.9211,-8.40937,11502
BRA,-42.2795,-6.59787,8942
BRA,-42.8583,-4.58571,6264
BRA,-41.7375,-6.40301,8715
BRA,-41.905,-7.23151,9875
BRA,-39.0416,-7.34588,10127
BRA,-38.7055,-4.22083,5884
BRA,-40.1183,-2.88769,4389
BRA,-39.448,-6.08911,8272
BRA,-40.1178,-6.57122,8955
BRA,-40.5479,-3.58537,5116
BRA,-39.7356,-6.99837,9421
BRA,-38.2743,-5.50894,7596
BRA,-39.8288,-3.36017,4936
BRA,-39.987,-6.76919,9188
BRA,-39.4359,-3.94506,5497
BRA,-38.3896,-3.89929,5503
BRA,-37.7679,-4.55826,6295
BRA,-38.8125,-4.36872,6084
BRA,-40.831,-4.74567,6484
BRA,-40.1359,-7.21319,9886
BRA,-39.0471,-4.41229,6082
BRA,-40.1653,-6.3165,8496
BRA,-39.8689,-6.8669,9420
BRA,-38.9742,-6.93349,9426
BRA,-38.9132,-5.30454,7140
BRA,-39.3021,-7.2982,9891
BRA,-38.6429,-4.28921,5885
BRA,-38.7741,-7.17188,9894
BRA,-41.1358,-3.02051,4562
BRA,-38.8812,-4.32598,5883
BRA,-38.1271,-4.17741,5888
BRA,-40.1671,-3.04996,4567
BRA,-39.7337,-5.11258,6914
BRA,-38.9799,-7.48469,10128
BRA,-40.8544,-2.9005,4384
BRA,-40.3687,-7.06761,9651
BRA,-39.3155,-4.35162,6081
BRA,-38.9048,-4.45569,6083
BRA,-39.1912,-4.22514,5881
BRA,-40.476,-3.94858,5491
BRA,-39.2828,-7.02808,9658
BRA,-39.4916,-6.52428,8959
BRA,-38.2412,-4.12967,5693
BRA,-39.8736,-6.12291,8269
BRA,-40.2,-4.64336,6280
BRA,-38.6619,-3.72797,5314
BRA,-39.0609,-6.60034,8961
BRA,-41.2435,-3.03571,4561
BRA,-39.1344,-4.83906,6705
BRA,-38.4986,-4.28873,5886
BRA,-40.6536,-5.16768,7130
BRA,-39.4103,-7.2153,9890
BRA,-40.9022,-4.40481,6071
BRA,-40.176,-2.91813,4388
BRA,-38.3461,-6.02751,8278
BRA,-39.5651,-6.92146,9422
BRA,-40.2634,-3.79945,5304
BRA,-40.818,-3.75557,5301
BRA,-39.454,-4.04351,5686
BRA,-40.749,-4.04422,5678
BRA,-40.8372,-3.12788,4563
BRA,-39.2144,-6.88134,9424
BRA,-38.6404,-4.04057,5691
BRA,-40.4056,-4.40958,6074
BRA,-38.4707,-4.1209,5692
BRA,-38.7501,-4.80376,6496
BRA,-40.8911,-3.92403,5488
BRA,-37.3531,-4.71206,6504
BRA,-38.8554,-6.39627,8732
BRA,-39.2892,-6.36281,8730
BRA,-40.3085,-5.38789,7358
BRA,-40.7537,-4.89764,6695
BRA,-38.7179,-6.78265,9195
BRA,-40.7059,-4.31748,5872
BRA,-40.7118,-4.53802,6277
BRA,-38.2919,-5.8124,7823
BRA,-39.7843,-3.74737,5307
BRA,-38.5298,-3.96577,5502
BRA,-39.5855,-3.68314,5308
BRA,-39.5836,-3.49933,4937
BRA,-38.9281,-4.55516,6288
BRA,-39.6202,-4.52608,6284
BRA,-38.7639,-5.6051,7593
BRA,-38.6227,-5.90213,8049
BRA,-37.781,-4.83151,6502
BRA,-39.2826,-7.57599,10361
BRA,-39.0029,-7.6797,10595
BRA,-39.5187,-6.51523,8958
BRA,-38.9706,-6.7448,9194
BRA,-38.0847,-5.14392,6924
BRA,-39.5725,-4.84601,6702
BRA,-38.6829,-3.89143,5501
BRA,-40.1582,-3.1285,4568
BRA,-40.6896,-3.2252,4746
BRA,-40.3423,-3.52364,5117
BRA,-38.7708,-7.38597,10129
BRA,-38.9378,-7.29749,9893
BRA,-39.1875,-5.67252,7817
BRA,-39.9663,-3.56867,5120
BRA,-39.143,-7.23522,9892
BRA,-39.63,-5.73844,7815
BRA,-40.0646,-4.79102,6488
BRA,-38.3702,-5.09736,6922
BRA,-40.6776,-3.46311,4930
BRA,-40.1233,-3.23426,4750
BRA,-40.7452,-3.90271,5489
BRA,-39.6713,-7.08415,9655
BRA,-40.5621,-4.70581,6485
BRA,-40.7713,-5.52552,7581
BRA,-38.5933,-4.48523,6085
BRA,-38.9053,-6.25182,8503
BRA,-37.9655,-4.73672,6501
BRA,-38.8446,-4.13831,5689
BRA,-39.03,-3.41436,4940
BRA,-40.6905,-6.20768,8492
BRA,-39.2417,-4.08815,5687
BRA,-39.7078,-5.45341,7361
BRA,-39.2692,-3.7927399999999998,5310
BRA,-40.6442,-4.23922,5873
BRA,-40.9205,-4.74672,6483
BRA,-39.114,-7.52265,10362
BRA,-40.0233,-7.09154,9653
BRA,-40.7002,-5.8425,8036
BRA,-39.2011,-6.24637,8501
BRA,-39.2889,-5.19067,7138
BRA,-37.9802,-5.07148,6925
BRA,-40.5759,-4.14191,5679
BRA,-37.9721,-4.92673,6712
BRA,-39.9017,-6.5346,8956
BRA,-40.45,-7.28398,9884
BRA,-40.2118,-3.46144,4933
BRA,-39.7302,-7.17613,9888
BRA,-40.1523,-4.32608,5876
BRA,-40.8596,-4.04713,5677
BRA,-38.9726,-3.60515,5126
BRA,-38.2694,-5.27516,7144
BRA,-39.3704,-5.58244,7589
BRA,-40.4662,-3.35305,4932
BRA,-40.3482,-3.68913,5303
BRA,-39.0107,-5.71894,7818
BRA,-38.1282,-5.24353,7145
BRA,-40.3196,-4.83136,6487
BRA,-39.753,-6.67838,9189
BRA,-40.2968,-5.98585,8039
BRA,-39.5799,-3.98831,5496
BRA,-40.9923,-3.72965,5300
BRA,-39.2681,-3.26932,4755
BRA,-39.4297,-3.58413,5123
BRA,-38.7008,-6.63893,8963
BRA,-39.3465,-3.67654,5309
BRA,-39.5107,-3.62316,5122
BRA,-40.5628,-3.30819,4747
BRA,-40.4741,-4.19387,5874
BRA,-39.2942,-6.78264,9192
BRA,-41.0916,-3.5667,5113
BRA,-36.6347,-6.4282,8746
BRA,-36.914,-5.58362,7604
BRA,-38.2941,-6.20351,8507
BRA,-36.6094,-5.65792,7606
BRA,-37.7946,-5.65349,7599
BRA,-35.1608,-6.18831,8526
BRA,-37.6129,-5.06977,6927
BRA,-36.4167,-5.98027,8062
BRA,-35.5792,-5.98648,8067
BRA,-35.9938,-5.76541,7837
BRA,-37.1067,-6.45441,8743
BRA,-36.1888,-6.23829,8519
BRA,-35.1281,-6.37193,8755
BRA,-37.5586,-5.78387,7827
BRA,-35.4247,-5.64323,7613
BRA,-36.3503,-6.03503,8290
BRA,-38.4441,-6.24974,8506
BRA,-36.7782,-6.40894,8745
BRA,-36.5146,-6.25484,8517
BRA,-35.271,-5.91116,8069
BRA,-36.717,-6.93835,9439
BRA,-35.3048,-5.70143,7841
BRA,-37.5183,-5.44887,7374
BRA,-35.55,-5.82447,7839
BRA,-36.8501,-5.48984,7378
BRA,-36.1278,-5.35211,7383
BRA,-35.6219,-6.16566,8295
BRA,-35.9346,-6.46544,8750
BRA,-35.9713,-5.64999,7610
BRA,-35.8122,-5.54094,7611
BRA,-37.7885,-6.27215,8510
BRA,-35.5949,-6.39493,8752
BRA,-35.4724,-6.12295,8296
BRA,-36.247,-5.69322,7835
BRA,-37.8134,-6.10525,8282
BRA,-38.3899,-6.40588,8735
BRA,-35.3552,-5.85229,8068
BRA,-36.6318,-5.10795,6933
BRA,-38.324,-6.39949,8736
BRA,-38.1642,-6.2846,8508
BRA,-37.908,-6.08279,8281
BRA,-35.2631,-5.52181,7614
BRA,-35.3253,-6.07063,8297
BRA,-35.7831,-6.43698,8751
BRA,-37.3474,-5.18374,7149
BRA,-35.4286,-6.47511,8753
BRA,-35.8398,-5.22276,7158
BRA,-36.6566,-6.68491,9208
BRA,-35.3794,-5.2765,7161
BRA,-37.6356,-6.10656,8283
BRA,-38.2077,-6.10498,8279
BRA,-35.876,-5.14988,6936
BRA,-35.6635,-5.62233,7612
BRA,-35.7113,-6.10478,8294
BRA,-35.5554,-5.46393,7386
BRA,-37.949,-5.92654,8053
BRA,-37.2554,-4.83729,6716
BRA,-36.0193,-6.22475,8520
BRA,-35.4739,-6.31195,8524
BRA,-36.0863,-6.33798,8749
BRA,-35.7642,-5.8994,8066
BRA,-36.8778,-5.79791,7831
BRA,-36.0798,-5.96404,8064
BRA,-36.6827,-6.21893,8516
BRA,-37.0242,-5.17725,7151
BRA,-35.5,-6.28181,8523
BRA,-37.957,-5.77666,7825
BRA,-35.909,-6.11132,8293
BRA,-35.7989,-6.19649,8522
BRA,-37.1786,-5.85408,8057
BRA,-37.818,-5.98238,8054
BRA,-37.2635,-5.63761,7602
BRA,-37.6357,-7.51144,10371
BRA,-35.6206,-7.03943,9680
BRA,-35.7591,-7.05377,9679
BRA,-36.0511,-7.73668,10613
BRA,-36.0129,-6.89292,9443
BRA,-34.9057,-7.42977,10152
BRA,-38.4468,-6.72195,9197
BRA,-37.0628,-7.55502,10374
BRA,-38.0803,-6.78466,9199
BRA,-35.7498,-6.54848,8981
BRA,-35.6977,-6.96396,9445
BRA,-36.9404,-7.11702,9672
BRA,-35.7066,-7.54473,10382
BRA,-35.9913,-7.51809,10381
BRA,-34.9293,-7.1238,9684
BRA,-37.5348,-6.18515,8511
BRA,-38.5521,-6.44572,8734
BRA,-38.2113,-7.40982,10132
BRA,-36.2357,-7.26365,9909
BRA,-38.6453,-6.81601,9196
BRA,-36.1309,-7.487,10145
BRA,-37.4943,-6.34185,8741
BRA,-38.676,-6.91353,9427
BRA,-38.5577,-6.88004,9428
BRA,-36.8242,-7.88503,10843
BRA,-35.8731,-7.22196,9911
BRA,-37.6064,-7.12008,9668
BRA,-37.747,-6.34062,8739
BRA,-38.5014,-7.55106,10365
BRA,-34.8999,-7.25746,9917
BRA,-37.9346,-7.00712,9666
BRA,-36.3619,-6.86686,9441
BRA,-37.5704,-6.7303,9202
BRA,-35.8597,-7.02278,9678
BRA,-35.7931,-7.34454,10147
BRA,-36.4526,-6.39759,8747
BRA,-35.485,-6.85064,9447
BRA,-36.4923,-7.24833,9908
BRA,-38.4059,-7.47957,10131
BRA,-37.5079,-7.3889,10136
BRA,-35.3317,-7.33167,9915
BRA,-38.1504,-7.30202,9898
BRA,-35.289,-6.61453,8984
BRA,-37.815,-7.52983,10370
BRA,-37.4322,-7.25201,9902
BRA,-35.1213,-6.8337,9449
BRA,-35.0087,-6.76535,9217
BRA,-35.46,-7.02525,9681
BRA,-35.5586,-7.63514,10383
BRA,-38.322,-6.9114,9430
BRA,-38.0382,-7.47232,10133
BRA,-37.7406,-7.22118,9900
BRA,-37.2747,-7.01743,9670
BRA,-37.6185,-6.59138,8970
BRA,-36.4758,-6.74997,9209
BRA,-35.1065,-7.39107,10151
BRA,-37.9289,-7.19282,9899
BRA,-36.0668,-7.06658,9677
BRA,-37.8003,-6.76606,9201
BRA,-37.0801,-7.68826,10607
BRA,-37.9886,-7.73175,10602
BRA,-35.9031,-7.35029,10146
BRA,-35.6693,-7.25347,9912
BRA,-36.9178,-6.86092,9438
BRA,-37.9819,-7.38162,10134
BRA,-38.0968,-6.60773,8967
BRA,-38.1622,-6.93646,9431
BRA,-38.2989,-7.24636,9897
BRA,-37.3214,-6.83974,9436
BRA,-38.502,-7.1187,9662
BRA,-36.666,-7.48034,10142
BRA,-38.3647,-7.20957,9896
BRA,-35.6636,-6.75161,9214
BRA,-38.2311,-6.75148,9198
BRA,-36.884,-7.66206,10375
BRA,-36.8245,-7.20629,9906
BRA,-38.5986,-6.5713,8964
BRA,-38.4128,-6.51504,8965
BRA,-35.6582,-7.69199,10616
BRA,-36.9913,-6.76189,9206
BRA,-34.8984,-7.90072,10854
BRA,-37.631,-7.74312,10604
BRA,-41.0095,-8.51136,11743
BRA,-35.9447,-8.45966,11544
BRA,-35.5263,-8.70609,12005
BRA,-37.1226,-9.11125,12450
BRA,-36.0644,-8.48482,11543
BRA,-40.494,-7.57073,10354
BRA,-35.6585,-8.42075,11546
BRA,-35.1832,-8.81605,12007
BRA,-38.9623,-8.75046,11985
BRA,-36.4258,-8.3313,11310
BRA,-38.0345,-8.26787,11300
BRA,-35.796,-8.2328,11314
BRA,-39.9338,-7.77759,10590
BRA,-36.6857,-9.16919,12679
BRA,-35.7292,-8.47163,11545
BRA,-36.3741,-8.14933,11078
BRA,-35.0253,-8.28218,11318
BRA,-39.3094,-8.50548,11754
BRA,-36.2402,-8.48668,11542
BRA,-34.9782,-8.02351,11087
BRA,-36.6306,-8.73423,11999
BRA,-37.7946,-7.79342,10603
BRA,-38.7512,-8.31799,11296
BRA,-35.9699,-8.28455,11313
BRA,-35.7206,-7.74084,10615
BRA,-35.7024,-8.67509,12004
BRA,-39.2367,-7.71179,10594
BRA,-35.6957,-8.00827,11082
BRA,-35.9518,-8.62432,11774
BRA,-40.7662,-8.44116,11515
BRA,-35.2241,-8.35672,11548
BRA,-39.7238,-7.50364,10358
BRA,-37.9715,-7.85842,10836
BRA,-38.5687,-8.60307,11758
BRA,-36.4966,-8.88243,12227
BRA,-34.9959,-7.5606,10387
BRA,-39.615,-7.70711,10592
BRA,-35.5675,-8.21118,11315
BRA,-36.8498,-9.04559,12451
BRA,-37.7032,-8.54026,11763
BRA,-36.1812,-8.57633,11772
BRA,-37.8351,-8.90206,12218
BRA,-35.0609,-8.39303,11549
BRA,-40.1476,-7.64505,10356
BRA,-37.4173,-8.94569,12221
BRA,-34.8971,-7.76798,10620
BRA,-35.015,-8.11298,11086
BRA,-36.4943,-7.97668,10845
BRA,-35.3108,-7.84383,10852
BRA,-40.2767,-8.99452,12204
BRA,-35.4425,-7.55564,10384
BRA,-37.6313,-8.9649,12220
BRA,-38.7388,-8.12113,11064
BRA,-39.6026,-8.61026,11752
BRA,-40.08,-7.87918,10823
BRA,-36.0125,-8.66121,11773
BRA,-39.5795,-8.08729,11059
BRA,-35.5813,-7.9971,10850
BRA,-36.94,-8.49641,11538
BRA,-36.6978,-8.35797,11539
BRA,-40.5027,-9.38866,12880
BRA,-36.7111,-8.18726,11308
BRA,-36.0137,-8.81175,12002
BRA,-35.8648,-8.13742,11081
BRA,-39.1247,-8.07373,11062
BRA,-36.691,-8.9723,12225
BRA,-36.5696,-8.36097,11540
BRA,-40.3434,-8.24153,11286
BRA,-38.1476,-7.81339,10601
BRA,-36.2061,-7.94802,10846
BRA,-40.6079,-8.16688,11285
BRA,-39.8241,-8.79766,11980
BRA,-35.8941,-7.83676,10848
BRA,-36.4465,-8.52637,11771
BRA,-38.7577,-7.85723,10831
BRA,-37.274,-7.46945,10138
BRA,-38.289,-7.98178,10834
BRA,-39.2951,-7.94041,10828
BRA,-37.2684,-8.06847,11073
BRA,-35.1126,-8.58778,11779
BRA,-39.546,-7.61931,10359
BRA,-35.7481,-7.84746,10849
BRA,-36.0423,-7.89446,10847
BRA,-39.3825,-8.22244,11292
BRA,-35.3119,-7.50484,10385
BRA,-36.0637,-8.00955,11080
BRA,-40.2647,-7.759,10588
BRA,-37.3445,-8.74798,11994
BRA,-37.3165,-7.6003,10373
BRA,-38.9701,-7.92235,10830
BRA,-35.8491,-7.77084,10614
BRA,-35.2976,-8.12819,11085
BRA,-37.938,-9.262,12672
BRA,-36.6615,-9.75487,13340
BRA,-35.5101,-9.4023,12910
BRA,-37.133,-9.6742,13337
BRA,-36.2125,-9.64308,13126
BRA,-36.9911,-9.40121,12902
BRA,-36.7926,-9.95542,13546
BRA,-37.5967,-9.11932,12447
BRA,-37.3773,-9.48476,12899
BRA,-36.5845,-9.63348,13124
BRA,-35.7214,-8.91806,12231
BRA,-36.1717,-10.1276,13748
BRA,-36.7697,-9.6178,13123
BRA,-37.9987,-9.38534,12896
BRA,-37.0965,-9.38465,12901
BRA,-36.7644,-9.39089,12903
BRA,-36.3028,-10.2935,13946
BRA,-36.6597,-10.1235,13746
BRA,-37.7509,-9.22594,12673
BRA,-37.2076,-9.63545,13120
BRA,-37.0046,-9.66224,13121
BRA,-35.735,-9.66599,13129
BRA,-36.992,-9.53009,13122
BRA,-37.3524,-9.23045,12675
BRA,-35.8967,-9.70971,13344
BRA,-37.7323,-9.11824,12446
BRA,-36.8696,-9.31236,12678
BRA,-37.8301,-9.50357,13117
BRA,-36.8101,-10.0572,13745
BRA,-37.3556,-9.15884,12448
BRA,-36.6328,-9.40568,12904
BRA,-37.4403,-9.74032,13335
BRA,-35.4745,-9.24511,12687
BRA,-36.5819,-10.2874,13944
BRA,-36.434,-10.406,14140
BRA,-37.2889,-9.30742,12676
BRA,-35.3987,-9.05195,12460
BRA,-36.8376,-10.1849,13942
BRA,-37.248,-9.36999,12900
BRA,-37.3831,-9.55768,13119
BRA,-35.5606,-9.31816,12686
BRA,-36.559,-9.93043,13547
BRA,-36.4366,-9.53379,13125
BRA,-36.3492,-9.91656,13548
BRA,-37.0071,-9.96262,13544
BRA,-36.0223,-9.15921,12456
BRA,-36.935,-10.1348,13744
BRA,-37.0148,-10.278,13941
BRA,-37.0677,-10.9091,14701
BRA,-37.6201,-11.2614,15039
BRA,-37.3251,-10.758,14514
BRA,-37.6195,-11.1397,14870
BRA,-37.4954,-10.7392,14513
BRA,-37.0628,-10.5069,14328
BRA,-37.7002,-10.3524,14132
BRA,-37.1846,-10.352,14135
BRA,-37.1506,-10.6782,14515
BRA,-37.4484,-11.2659,15040
BRA,-37.5279,-10.5513,14325
BRA,-37.2006,-10.2252,13940
BRA,-36.5479,-10.4425,14139
BRA,-37.515,-11.5157,15375
BRA,-37.7875,-11.2693,15038
BRA,-37.1056,-10.1248,13743
BRA,-37.3078,-10.99,14700
BRA,-36.9418,-10.5849,14329
BRA,-36.8045,-10.3477,14138
BRA,-37.6689,-10.9136,14697
BRA,-37.3004,-10.6649,14327
BRA,-37.5616,-10.0256,13740
BRA,-37.4211,-10.2158,13939
BRA,-37.6922,-10.6134,14324
BRA,-36.8544,-10.7215,14516
BRA,-37.6833,-9.80616,13333
BRA,-38.1813,-10.7151,14508
BRA,-37.2842,-9.91626,13543
BRA,-37.731,-11.0729,14869
BRA,-37.438,-10.5357,14326
BRA,-37.4804,-11.0288,14871
BRA,-37.4586,-11.3536,15209
BRA,-37.2044,-11.0084,14872
BRA,-36.8869,-10.3442,14137
BRA,-37.8097,-10.7387,14511
BRA,-37.9995,-11.1798,15037
BRA,-37.8433,-11.3694,15206
BRA,-37.6623,-11.3809,15208
BRA,-41.6619,-13.2488,16899
BRA,-39.1162,-8.72073,11984
BRA,-38.1113,-10.5437,14322
BRA,-38.7639,-11.8618,15698
BRA,-42.1352,-13.4215,17034
BRA,-38.4208,-12.1335,15863
BRA,-39.2036,-17.5195,20155
BRA,-38.7563,-12.3914,16182
BRA,-41.439,-11.4429,15185
BRA,-41.1356,-14.6151,17945
BRA,-41.3297,-12.8049,16471
BRA,-39.8391,-10.3482,14119
BRA,-39.2462,-12.1462,15858
BRA,-38.3401,-10.3856,14128
BRA,-39.1176,-12.4335,16180
BRA,-41.4648,-14.428,17815
BRA,-38.9584,-11.3253,15031
BRA,-39.0038,-13.0716,16773
BRA,-44.5388,-12.3016,15987
BRA,-40.169,-11.9519,15689
BRA,-38.6212,-10.5788,14319
BRA,-43.1459,-11.0859,14837
BRA,-41.3347,-13.6237,17170
BRA,-42.059,-11.81,15513
BRA,-44.9968,-12.1439,15824
BRA,-41.9054,-11.7605,15514
BRA,-39.0776,-11.5272,15366
BRA,-41.2652,-15.0334,18327
BRA,-38.8051,-11.6072,15368
BRA,-40.2064,-14.3598,17822
BRA,-40.6064,-12.6498,16325
BRA,-43.4108,-13.2506,16888
BRA,-40.5126,-14.3663,17820
BRA,-41.8286,-12.7069,16468
BRA,-42.7324,-12.8205,16462
BRA,-42.5163,-13.3772,17031
BRA,-43.9679,-12.4815,16151
BRA,-42.6326,-11.9915,15675
BRA,-41.6696,-14.2021,17685
BRA,-43.6302,-10.7171,14476
BRA,-39.1902,-12.5317,16333
BRA,-38.9587,-12.5994,16335
BRA,-42.2229,-14.5003,17938
BRA,-40.432,-11.0677,14853
BRA,-40.9175,-14.3347,17818
BRA,-42.4861,-14.0684,17552
BRA,-41.4688,-11.6914,15517
BRA,-40.2956,-11.0208,14854
BRA,-38.3263,-12.6996,16487
BRA,-43.0126,-9.52221,13085
BRA,-40.32,-10.5105,14309
BRA,-44.201,-13.0725,16742
BRA,-41.7677,-11.6858,15515
BRA,-39.1203,-11.8049,15531
BRA,-41.2414,-15.4993,18584
BRA,-39.4944,-10.6647,14314
BRA,-40.0089,-11.3797,15193
BRA,-41.2603,-14.7177,18072
BRA,-37.9469,-11.9472,15703
BRA,-43.7724,-14.2985,17673
BRA,-40.974,-9.16408,12427
BRA,-39.4248,-12.7579,16482
BRA,-44.8648,-12.31,15985
BRA,-38.3791,-12.3513,16184
BRA,-42.2904,-13.3239,16895
BRA,-42.1116,-11.1376,14843
BRA,-39.0979,-8.9695,12211
BRA,-38.3794,-10.5897,14320
BRA,-38.5179,-11.1032,14864
BRA,-44.5352,-14.1814,17668
BRA,-39.2808,-11.56,15365
BRA,-37.6131,-11.8179,15540
BRA,-41.9718,-14.9022,18196
BRA,-41.048,-13.7537,17302
BRA,-41.9308,-15.0356,18323
BRA,-44.4586,-13.8232,17282
BRA,-37.9198,-10.2847,13936
BRA,-44.6333,-13.3477,17019
BRA,-44.2566,-12.0228,15828
BRA,-38.1515,-11.5059,15372
BRA,-44.4214,-12.2249,15988
BRA,-39.1008,-12.6675,16484
BRA,-39.8997,-8.98458,12206
BRA,-38.2926,-12.6187,16339
BRA,-41.7677,-13.7565,17298
BRA,-39.1923,-12.9016,16629
BRA,-38.0871,-11.9392,15702
BRA,-37.9432,-11.7942,15538
BRA,-39.0153,-10.5078,14316
BRA,-39.5821,-16.3715,19347
BRA,-38.9663,-12.2664,16021
BRA,-40.1437,-10.7405,14497
BRA,-45.193,-11.0328,14824
BRA,-39.4747,-13.7441,17312
BRA,-42.5077,-11.4342,15178
BRA,-41.9381,-14.5467,17940
BRA,-42.7799,-14.2231,17679
BRA,-40.2056,-12.7666,16477
BRA,-42.257,-14.2711,17682
BRA,-41.284,-13.4059,17039
BRA,-42.0195,-11.6438,15348
BRA,-42.4856,-12.8804,16610
BRA,-40.1129,-17.6832,20261
BRA,-39.6459,-14.0643,17569
BRA,-42.2179,-12.6502,16315
BRA,-41.9748,-11.5414,15349
BRA,-43.2167,-12.1779,15995
BRA,-39.1905,-11.7431,15530
BRA,-42.7155,-13.774,17292
BRA,-39.046,-14.793,18085
BRA,-38.355,-11.781,15535
BRA,-39.3069,-12.3028,16019
BRA,-39.7353,-14.1226,17568
BRA,-39.7359,-12.1561,15855
BRA,-42.6179,-11.8219,15510
BRA,-40.9595,-13.2902,16903
BRA,-41.6155,-12.2429,16005
BRA,-41.8535,-11.3033,15013
BRA,-39.5593,-16.5732,19464
BRA,-40.3059,-12.5242,16327
BRA,-39.2781,-14.7876,18084
BRA,-40.9677,-12.9831,16619
BRA,-42.3997,-11.0147,14841
BRA,-39.7283,-15.1366,18336
BRA,-38.0436,-12.2614,16026
BRA,-40.3321,-17.1642,19808
BRA,-40.2482,-15.2475,18462
BRA,-38.2262,-11.3088,15035
BRA,-39.9378,-13.4459,17047
BRA,-39.6952,-12.7099,16480
BRA,-39.8446,-10.6948,14498
BRA,-41.3003,-13.8107,17301
BRA,-43.5595,-14.4054,17802
BRA,-44.4255,-13.6071,17152
BRA,-42.4329,-14.8541,18193
BRA,-40.5117,-11.1812,15021
BRA,-40.1999,-10.2569,13922
BRA,-38.8939,-13.110900000000001,16774
BRA,-37.7853,-11.5616,15374
BRA,-40.0877,-13.8509,17437
BRA,-38.3471,-10.0685,13735
BRA,-41.6548,-11.3486,15184
BRA,-41.9702,-11.0431,14844
BRA,-39.491,-15.192,18467
BRA,-40.2204,-13.4663,17045
BRA,-40.3383,-17.6056,20148
BRA,-38.887,-11.773,15532
BRA,-41.8286,-11.3851,15183
BRA,-41.3928,-12.5616,16320
BRA,-41.8432,-13.6369,17167
BRA,-45.7866,-12.0956,15819
BRA,-40.3571,-12.1326,15851
BRA,-42.6945,-13.0186,16751
BRA,-41.4915,-14.6623,17943
BRA,-40.1437,-11.7107,15525
BRA,-43.7686,-14.3371,17801
BRA,-41.8842,-14.3847,17812
BRA,-40.2399,-14.1476,17565
BRA,-44.0428,-10.7227,14473
BRA,-40.4323,-13.4355,17044
BRA,-38.9175,-12.776,16485
BRA,-39.0137,-14.1035,17572
BRA,-40.5295,-13.0064,16764
BRA,-42.8439,-13.9109,17420
BRA,-40.6031,-11.4299,15190
BRA,-40.574,-10.961,14680
BRA,-40.7718,-14.2385,17691
BRA,-39.3321,-10.4374,14123
BRA,-43.2766,-11.5569,15341
BRA,-41.1565,-11.5488,15354
BRA,-41.3703,-13.0053,16759
BRA,-41.6374,-11.9648,15681
BRA,-40.4714,-11.8541,15688
BRA,-43.5497,-12.065,15832
BRA,-39.4297,-10.8192,14501
BRA,-39.6302,-11.6031,15363
BRA,-40.0653,-13.0241,16767
BRA,-41.0748,-12.815,16472
BRA,-38.4871,-11.2329,15034
BRA,-42.1682,-12.8083,16465
BRA,-38.3379,-11.3497,15203
BRA,-42.8969,-12.3132,15997
BRA,-38.6166,-12.0175,15862
BRA,-41.0756,-10.9578,14677
BRA,-43.1609,-14.2676,17677
BRA,-41.5809,-12.5059,16319
BRA,-42.2395,-13.4388,17033
BRA,-43.1798,-12.687,16459
BRA,-37.8626,-10.6859,14510
BRA,-38.2216,-9.3983,12894
BRA,-37.8932,-10.012,13738
BRA,-41.7702,-13.1465,16757
BRA,-40.4718,-14.6654,17949
BRA,-39.0643,-16.4435,19350
BRA,-39.8638,-15.5943,18719
BRA,-41.6798,-14.6885,18069
BRA,-39.6293,-10.9736,14686
BRA,-39.2137,-10.7505,14502
BRA,-39.5007,-12.4053,16177
BRA,-42.0848,-9.61944,13091
BRA,-39.4234,-11.4832,15197
BRA,-44.9143,-11.7508,15496
BRA,-39.3818,-11.8067,15529
BRA,-42.9397,-13.6059,17161
BRA,-38.5382,-10.8373,14692
BRA,-42.2902,-13.1185,16754
BRA,-40.4931,-12.2816,16012
BRA,-38.9681,-11.9515,15697
BRA,-39.814,-13.2793,16910
BRA,-39.375,-11.2508,15028
BRA,-39.3287,-15.4342,18596
BRA,-44.2011,-13.3859,17021
BRA,-44.0506,-12.9792,16600
BRA,-38.8694,-12.0311,15860
BRA,-44.5255,-11.0063,14828
BRA,-39.5215,-12.7697,16481
BRA,-38.7137,-12.5472,16336
BRA,-39.2505,-12.428,16179
BRA,-44.9769,-12.3572,16145
BRA,-38.5938,-11.5929,15369
BRA,-40.4155,-10.9428,14681
BRA,-41.7722,-12.4169,16164
BRA,-42.9434,-14.571,17934
BRA,-40.1865,-10.4594,14117
BRA,-43.5929,-13.5659,17157
BRA,-41.8786,-9.74138,13308
BRA,-43.9504,-12.759,16455
BRA,-38.4029,-12.7866,16486
BRA,-43.4689,-13.0801,16747
BRA,-38.2213,-10.3545,14129
BRA,-40.8145,-9.45024,12879
BRA,-41.6427,-12.088,15844
BRA,-44.0075,-12.7026,16454
BRA,-41.2473,-14.0197,17559
BRA,-42.4934,-13.5485,17164
BRA,-39.1033,-11.968,15696
BRA,-40.7927,-11.8475,15686
BRA,-39.74,-17.5399,20152
BRA,-38.9913,-11.4827,15200
BRA,-39.484,-13.5896,17182
BRA,-38.6238,-12.3888,16183
BRA,-41.4142,-14.9736,18199
BRA,-38.7894,-10.9584,14691
BRA,-39.4794,-9.83325,13323
BRA,-39.5207,-14.2063,17698
BRA,-42.1354,-11.3394,15181
BRA,-41.3234,-10.7339,14490
BRA,-41.0954,-12.0783,15847
BRA,-39.073,-13.3669,17052
BRA,-40.3149,-11.5273,15359
BRA,-40.8442,-14.8615,18202
BRA,-41.1715,-12.2819,16007
BRA,-43.8958,-12.1144,15830
BRA,-42.7245,-10.823,14481
BRA,-47.3916,-18.4831,20653
BRA,-45.4444,-19.1551,21098
BRA,-42.5419,-19.0671,21115
BRA,-42.3806,-17.9914,20357
BRA,-40.9384,-17.0802,19804
BRA,-41.0746,-19.5007,21453
BRA,-40.6942,-16.1785,19224
BRA,-41.97,-18.974,21010
BRA,-46.3878,-20.8631,22277
BRA,-41.4948,-15.9688,18965
BRA,-44.2493,-19.1955,21214
BRA,-42.0637,-16.8523,19681
BRA,-46.9438,-19.5902,21418
BRA,-46.9401,-21.359,22579
BRA,-45.5373,-20.2863,21859
BRA,-46.1043,-15.9187,18937
BRA,-41.1149,-18.0438,20475
BRA,-44.2655,-18.0997,20456
BRA,-43.9613,-19.2832,21216
BRA,-45.9754,-20.0166,21749
BRA,-43.0922,-19.8302,21551
BRA,-43.9266,-19.9102,21654
BRA,-42.4828,-19.2199,21225
BRA,-44.0275,-20.4077,21975
BRA,-42.4606,-16.9567,19679
BRA,-44.2008,-19.9668,21652
BRA,-43.8104,-17.1135,19787
BRA,-45.2622,-19.7386,21538
BRA,-43.4782,-19.7054,21549
BRA,-45.9839,-16.568,19426
BRA,-44.7543,-15.3231,18435
BRA,-46.1653,-22.2707,23082
BRA,-43.0086,-16.8657,19675
BRA,-46.0081,-16.9999,19657
BRA,-44.4299,-16.2104,19202
BRA,-42.7099,-19.0562,21114
BRA,-44.2007,-20.151,21759
BRA,-44.1775,-17.8744,20346
BRA,-46.4221,-15.6218,18680
BRA,-44.9606,-17.3656,20009
BRA,-47.0862,-16.0335,19059
BRA,-44.4544,-19.521,21433
BRA,-44.4189,-19.2971,21213
BRA,-43.6704,-19.8826,21655
BRA,-48.5716,-19.7631,21518
BRA,-46.1725,-19.6914,21532
BRA,-44.1304,-19.5471,21435
BRA,-43.7084,-16.3265,19206
BRA,-41.7004,-17.1862,19914
BRA,-43.811,-20.9566,22293
BRA,-42.1292,-19.7868,21557
BRA,-43.0137,-17.5255,20132
BRA,-40.7723,-17.6973,20257
BRA,-43.1382,-19.0877,21112
BRA,-50.6894,-19.6987,21505
BRA,-44.6446,-21.4898,22593
BRA,-42.9627,-15.3616,18574
BRA,-42.5392,-17.0881,19794
BRA,-45.6116,-15.3014,18430
BRA,-44.2061,-17.082,19784
BRA,-41.7945,-16.2963,19218
BRA,-48.3839,-19.9172,21627
BRA,-43.4221,-19.0344,21110
BRA,-43.851,-20.4958,21976
BRA,-43.6767,-18.8021,20891
BRA,-41.4736,-19.1789,21231
BRA,-44.0539,-19.9321,21653
BRA,-44.3635,-16.6841,19551
BRA,-44.3224,-19.1224,21105
BRA,-44.4542,-18.369,20671
BRA,-42.2791,-18.6156,20792
BRA,-42.6276,-19.5179,21444
BRA,-42.184,-16.6148,19448
BRA,-45.9032,-19.8198,21534
BRA,-42.8571,-16.716,19560
BRA,-41.8557,-15.9327,18962
BRA,-44.4303,-18.7527,20887
BRA,-43.6591,-18.4478,20676
BRA,-43.6031,-18.2413,20568
BRA,-41.4781,-18.7755,20905
BRA,-42.6103,-18.8004,20898
BRA,-44.8912,-20.1446,21755
BRA,-42.1121,-19.3735,21337
BRA,-44.0207,-21.1139,22393
BRA,-43.947,-17.2831,19901
BRA,-44.3065,-19.764,21544
BRA,-42.809,-14.9249,18191
BRA,-45.9548,-22.0454,22992
BRA,-45.7859,-19.5169,21425
BRA,-43.3854,-18.0025,20461
BRA,-44.9004,-18.7507,20884
BRA,-45.4268,-20.4618,21967
BRA,-46.2371,-14.9446,18170
BRA,-44.2317,-17.3107,19899
BRA,-43.4896,-16.4827,19324
BRA,-41.9121,-18.5556,20794
BRA,-49.1984,-20.2748,21837
BRA,-42.5288,-16.1225,19086
BRA,-48.9355,-20.0259,21731
BRA,-41.5387,-19.0005,21121
BRA,-43.125,-15.0829,18316
BRA,-43.692,-16.8481,19671
BRA,-41.2235,-18.9807,21014
BRA,-43.7423,-18.4519,20675
BRA,-42.8923,-16.5662,19444
BRA,-46.5474,-19.4749,21310
BRA,-44.9046,-16.8591,19664
BRA,-44.1667,-15.6605,18693
BRA,-44.0569,-20.0252,21760
BRA,-44.9034,-16.214,19199
BRA,-45.7111,-20.1776,21858
BRA,-42.1147,-19.5476,21447
BRA,-44.3934,-19.4898,21323
BRA,-42.4139,-19.4158,21335
BRA,-41.7164,-19.7992,21559
BRA,-42.5476,-19.4703,21334
BRA,-43.2312,-19.6239,21440
BRA,-43.8038,-20.2501,21870
BRA,-44.095,-15.089,18310
BRA,-42.8561,-17.8552,20354
BRA,-41.683,-18.035,20471
BRA,-41.863,-19.1736,21228
BRA,-41.5017,-16.5571,19452
BRA,-45.127,-20.4704,21969
BRA,-44.5801,-20.0818,21757
BRA,-41.7672,-16.61,19451
BRA,-41.1746,-19.3999,21342
BRA,-49.4639,-18.9772,20965
BRA,-43.7373,-19.5119,21437
BRA,-40.295,-16.1428,19100
BRA,-43.6688,-15.3432,18569
BRA,-43.3132,-15.8022,18826
BRA,-44.3639,-15.4802,18565
BRA,-44.2758,-15.9891,18948
BRA,-42.2589,-17.0831,19796
BRA,-44.4376,-17.229,19898
BRA,-44.0304,-19.2345,21215
BRA,-41.0117,-16.4375,19338
BRA,-41.0229,-16.6522,19455
BRA,-43.1735,-19.8126,21550
BRA,-46.1715,-17.7398,20224
BRA,-44.1643,-17.758,20237
BRA,-42.6014,-16.9053,19678
BRA,-42.5151,-16.5417,19446
BRA,-43.583,-19.6876,21548
BRA,-44.3451,-19.9448,21651
BRA,-43.3398,-21.7595,22804
BRA,-43.5865,-16.8473,19672
BRA,-41.7488,-17.6279,20140
BRA,-45.5401,-20.0237,21751
BRA,-44.5754,-16.978,19666
BRA,-46.5165,-17.8323,20222
BRA,-43.8932,-19.6397,21436
BRA,-44.5735,-17.887,20344
BRA,-45.0009,-21.248,22489
BRA,-42.693600000000004,-17.0793,19793
BRA,-44.5886,-16.1095,19074
BRA,-42.0769,-17.8456,20359
BRA,-43.9391,-14.7529,18056
BRA,-44.6779,-19.5076,21431
BRA,-43.414,-20.3765,21979
BRA,-45.2434,-19.3306,21208
BRA,-43.9146,-14.8563,18184
BRA,-41.4728,-16.2245,19220
BRA,-42.6079,-19.224,21224
BRA,-42.5884,-17.2156,19909
BRA,-44.1602,-16.256,19204
BRA,-44.4092,-14.7348,18053
BRA,-44.3719,-14.4197,17797
BRA,-42.8718,-15.1514,18317
BRA,-43.8578,-16.7282,19554
BRA,-43.3795,-19.2236,21219
BRA,-41.4407,-19.8121,21561
BRA,-47.6779,-19.1461,21084
BRA,-41.8826,-17.4654,20027
BRA,-42.4044,-16.0162,19087
BRA,-43.5719,-17.3982,20017
BRA,-44.829,-20.6982,22183
BRA,-43.512,-20.3796,21978
BRA,-41.2734,-18.0719,20474
BRA,-42.5088,-16.3646,19329
BRA,-41.4821,-17.0758,19801
BRA,-45.6627,-20.3705,21966
BRA,-43.07,-15.5271,18700
BRA,-44.7468,-19.4419,21321
BRA,-46.8711,-17.2252,19883
BRA,-44.6114,-19.8534,21650
BRA,-44.0787,-16.0773,19077
BRA,-46.5013,-18.5699,20766
BRA,-46.9934,-18.9379,20980
BRA,-42.8628,-18.4276,20680
BRA,-41.2909,-16.0086,19094
BRA,-44.391,-15.6032,18692
BRA,-45.0896,-21.0932,22387
BRA,-42.2333,-19.1573,21117
BRA,-45.1402,-16.0572,19071
BRA,-44.8964,-19.6741,21540
BRA,-42.8978,-20.4111,21982
BRA,-41.5025,-16.7473,19568
BRA,-43.0281,-15.7404,18827
BRA,-48.9276,-19.3086,21186
BRA,-44.06,-18.6401,20781
BRA,-46.4165,-18.4096,20659
BRA,-44.1591,-19.4742,21325
BRA,-41.2462,-19.3194,21232
BRA,-43.0488,-16.0091,19083
BRA,-44.0844,-19.7621,21545
BRA,-43.7878,-20.0876,21762
BRA,-42.5405,-15.616,18703
BRA,-43.1696,-21.2712,22500
BRA,-43.0018,-18.2922,20571
BRA,-42.261,-16.4053,19331
BRA,-40.5397,-16.3775,19341
BRA,-42.2964,-16.1753,19215
BRA,-39.9391,-16.0063,19102
BRA,-43.4101,-19.9604,21657
BRA,-41.7418,-16.0967,19091
BRA,-42.8169,-20.2372,21876
BRA,-45.4102,-16.6859,19545
BRA,-40.6727,-16.9707,19689
BRA,-43.8497,-19.7548,21546
BRA,-42.4139,-18.1896,20575
BRA,-44.0409,-18.9962,20997
BRA,-45.7034,-22.2461,23084
BRA,-42.6047,-20.3185,21877
BRA,-40.1817,-16.5332,19460
BRA,-42.6171,-15.3393,18576
BRA,-44.2229,-18.2968,20564
BRA,-44.8593,-15.9514,18944
BRA,-49.7727,-19.8611,21619
BRA,-42.2673,-20.7923,22198
BRA,-44.3507,-16.8455,19667
BRA,-44.0096,-15.9271,18949
BRA,-44.0922,-14.8859,18183
BRA,-44.2526,-21.1311,22392
BRA,-44.5134,-16.5373,19434
BRA,-42.0213,-15.3168,18451
BRA,-42.7655,-18.548,20789
BRA,-44.556,-19.7006,21542
BRA,-41.3907,-18.4793,20689
BRA,-41.985,-19.5064,21448
BRA,-42.5659,-18.0873,20466
BRA,-42.3629,-18.7828,20899
BRA,-42.1587,-17.6002,20138
BRA,-43.2172,-17.9465,20352
BRA,-43.1675,-18.3602,20678
BRA,-46.6961,-19.1083,21090
BRA,-42.8732,-15.8176,18828
BRA,-43.3744,-18.5991,20785
BRA,-44.2413,-19.4569,21324
BRA,-42.2259,-15.8106,18832
BRA,-41.5087,-17.8595,20362
BRA,-45.2473,-18.2048,20558
BRA,-41.6527,-18.9844,21012
BRA,-42.7285,-17.2828,19908
BRA,-44.7783,-16.2885,19200
BRA,-47.9381,-19.7472,21522
BRA,-48.2749,-18.9141,20972
BRA,-46.9022,-16.3592,19303
BRA,-50.338,-19.5299,21397
BRA,-42.737,-20.3521,21983
BRA,-45.7352,-16.1244,19067
BRA,-46.0313,-18.3741,20661
BRA,-44.7226,-17.5944,20122
BRA,-44.0278,-15.6992,18821
BRA,-43.6121,-15.5845,18697
BRA,-42.8742,-20.7559,22194
BRA,-42.3431,-16.807,19563
BRA,-42.7015,-18.8154,20897
BRA,-41.1261,-20.0778,21778
BRA,-40.7437,-18.9846,21017
BRA,-40.8965,-18.7548,20908
BRA,-40.4165,-20.2632,21890
BRA,-40.6269,-19.5493,21456
BRA,-40.5093,-20.6772,22208
BRA,-40.0643,-19.3946,21349
BRA,-40.8534,-19.2229,21234
BRA,-40.5365,-19.0182,21127
BRA,-41.1355,-20.327,21886
BRA,-40.3128,-20.3155,21891
BRA,-43.8269,-22.4715,23181
BRA,-44.1752,-22.5481,23261
BRA,-44.7175,-23.2221,23568
BRA,-43.2003,-22.9129,23430
BRA,-44.0996,-22.5202,23262
BRA,-51.0737,-21.682,22758
BRA,-48.9863,-22.4694,23150
BRA,-49.719,-22.0841,22969
BRA,-49.7359,-20.2985,21834
BRA,-51.3786,-20.8948,22247
BRA,-50.4401,-21.2076,22457
BRA,-50.5572,-20.6836,22148
BRA,-49.3356,-22.1514,22971
BRA,-49.9509,-21.4584,22561
BRA,-49.9518,-21.2657,22460
BRA,-48.5013,-24.759,24023
BRA,-48.5698,-20.5531,22054
BRA,-50.7357,-21.921,22862
BRA,-49.0871,-22.3246,23064
BRA,-48.4791,-20.9491,22265
BRA,-50.4746,-21.404,22558
BRA,-50.3175,-21.499,22559
BRA,-50.1475,-21.0661,22357
BRA,-49.6092,-21.8031,22767
BRA,-47.0659,-22.9053,23407
BRA,-50.4525,-21.5604,22660
BRA,-49.7827,-20.4755,21941
BRA,-44.969,-22.5728,23257
BRA,-44.9576,-23.0731,23502
BRA,-51.535,-21.4843,22551
BRA,-48.1141,-24.5281,23984
BRA,-46.8579,-23.6437,23684
BRA,-50.4049,-20.2875,21830
BRA,-50.2471,-20.2806,21831
BRA,-51.3821,-21.6727,22756
BRA,-51.1724,-21.6127,22655
BRA,-50.1912,-20.7948,22150
BRA,-49.9312,-21.7961,22765
BRA,-49.8013,-21.6195,22664
BRA,-48.5295,-24.1892,23892
BRA,-51.2119,-21.0292,22350
BRA,-48.9391,-20.4977,21946
BRA,-49.5914,-21.8942,22869
BRA,-50.6453,-21.2544,22456
BRA,-48.2316,-21.3594,22571
BRA,-46.258,-23.9888,23809
BRA,-46.5333,-23.4538,23623
BRA,-50.3907,-22.0038,22965
BRA,-47.2143,-22.8529,23406
BRA,-47.7466,-20.0407,21738
BRA,-51.3426,-20.4326,21931
BRA,-47.2101,-23.0816,23488
BRA,-50.9633,-21.7695,22759
BRA,-47.6927,-23.3513,23616
BRA,-51.3472,-21.5684,22654
BRA,-48.3252,-21.252,22470
BRA,-50.5494,-20.2672,21829
BRA,-49.6892,-21.0551,22359
BRA,-51.0412,-21.1639,22351
BRA,-48.8037,-22.6027,23234
BRA,-49.7526,-21.6718,22766
BRA,-50.3294,-21.6737,22763
BRA,-51.9617,-22.1068,22956
BRA,-51.1824,-21.7959,22757
BRA,-49.9501,-22.2171,23059
BRA,-48.031,-20.1796,21844
BRA,-48.451,-22.412,23153
BRA,-49.5206,-20.8169,22154
BRA,-50.0975,-20.8509,22255
BRA,-48.6387,-20.9065,22264
BRA,-51.5679,-21.2981,22450
BRA,-49.6358,-20.843,22258
BRA,-49.4986,-21.0156,22361
BRA,-49.3123,-20.5321,22050
BRA,-51.4905,-21.1026,22349
BRA,-50.0971,-22.1549,22967
BRA,-51.7024,-21.4872,22550
BRA,-51.8562,-21.354,22549
BRA,-50.7949,-21.7792,22760
BRA,-51.8321,-21.3153,22449
BRA,-48.7781,-22.3511,23151
BRA,-50.0769,-21.4148,22560
BRA,-51.1123,-20.6368,22039
BRA,-50.6003,-21.5921,22659
BRA,-49.4608,-21.999,22870
BRA,-49.1339,-22.4142,23149
BRA,-48.221,-21.0132,22368
BRA,-49.933,-21.0342,22358
BRA,-46.3473,-23.5333,23687
BRA,-50.176,-22.107,22966
BRA,-50.5258,-20.4396,21936
BRA,-51.5565,-22.0082,22958
BRA,-52.1111,-21.7651,22752
BRA,-51.3925,-22.1207,22959
BRA,-51.8447,-21.8732,22855
BRA,-49.8599,-21.5356,22663
BRA,-50.9594,-21.8823,22861
BRA,-50.8614,-21.6267,22657
BRA,-50.932,-20.2083,21827
BRA,-51.6527,-21.9747,22857
BRA,-50.498,-20.9331,22253
BRA,-51.3929,-21.8467,22858
BRA,-46.7944,-21.9707,22886
BRA,-50.3792,-20.3879,21937
BRA,-49.3758,-20.8113,22155
BRA,-45.8841,-23.1896,23561
BRA,-46.9432,-23.8491,23805
BRA,-48.5723,-22.7321,23317
BRA,-46.6395,-23.5329,23686
BRA,-45.4143,-23.7951,23755
BRA,-46.3883,-23.9574,23808
BRA,-49.925,-20.6523,22046
BRA,-47.5952,-21.2043,22474
BRA,-46.7526,-23.6019,23685
BRA,-50.5191,-21.9335,22863
BRA,-50.0889,-20.4217,21939
BRA,-50.8699,-21.2229,22454
BRA,-47.022,-23.5993,23683
BRA,-47.4388,-23.5446,23681
BRA,-49.9781,-20.4237,21940
BRA,-49.2646,-25.4195,24181
BRA,-54.5827,-25.5427,24186
BRA,-51.9333,-23.4205,23591
BRA,-49.6295,-27.3098,24525
BRA,-48.5477,-27.5945,24605
BRA,-51.1136,-29.3741,25056
BRA,-57.0853,-29.7614,25107
BRA,-51.0194,-30.0819,25230
BRA,-52.879,-20.4452,21922
BRA,-53.7042,-18.3255,20507
BRA,-55.8104,-20.4823,21905
BRA,-55.9517,-22.1927,23023
BRA,-51.0961,-20.0873,21718
BRA,-54.3585,-19.9275,21591
BRA,-52.4221,-21.7159,22750
BRA,-56.5263,-22.1073,22929
BRA,-56.7127,-20.537,22005
BRA,-56.4836,-21.1261,22319
BRA,-52.0365,-21.2544,22447
BRA,-54.0431,-19.5347,21375
BRA,-54.6295,-20.4486,21912
BRA,-57.0277,-22.011,22926
BRA,-51.7313,-19.1179,21060
BRA,-57.651,-19.0077,21025
BRA,-53.1287,-18.5432,20727
BRA,-54.751,-18.5013,20717
BRA,-55.2915,-20.6848,22120
BRA,-54.812,-22.2231,23030
BRA,-54.2838,-23.7868,23702
BRA,-53.638,-18.6782,20832
BRA,-56.1117,-21.4583,22524
BRA,-54.7934,-22.08,22939
BRA,-54.187,-23.4779,23577
BRA,-54.3996,-20.1386,21698
BRA,-55.1678,-21.6105,22631
BRA,-56.3746,-20.2355,21794
BRA,-55.8296,-21.1419,22323
BRA,-54.3825,-21.4657,22534
BRA,-51.1909,-19.6746,21502
BRA,-54.5507,-18.0996,20394
BRA,-57.8836,-21.6981,22717
BRA,-53.7588,-20.4445,21917
BRA,-54.9859,-19.447,21260
BRA,-54.8434,-18.9249,20932
BRA,-54.8848,-19.9565,21588
BRA,-54.5507,-19.3889,21262
BRA,-55.0398,-23.9705,23758
BRA,-54.9692,-20.9302,22226
BRA,-54.7551,-17.5698,20062
BRA,-55.0141,-23.636,23635
BRA,-54.8647,-20.4378,21910
BRA,-51.7007,-20.7849,22141
BRA,-52.1601,-14.051,17494
BRA,-56.0867,-9.86674,13430
BRA,-53.2181,-17.3153,19845
BRA,-51.8341,-15.7291,18774
BRA,-55.9623,-16.2067,19133
BRA,-57.1878,-15.0702,18231
BRA,-52.264,-15.8804,18900
BRA,-57.6818,-16.0764,18995
BRA,-52.893,-14.5162,17874
BRA,-59.2858,-13.7242,17193
BRA,-52.2705,-13.5515,17105
BRA,-55.7499,-15.4643,18497
BRA,-51.5699,-10.6437,14241
BRA,-56.0974,-15.601,18622
BRA,-57.0583,-14.7324,17977
BRA,-56.4366,-14.4037,17725
BRA,-52.7574,-15.7094,18769
BRA,-53.7575,-16.346,19262
BRA,-54.1422,-17.2147,19840
BRA,-54.9733,-15.9548,18884
BRA,-58.8723,-15.3342,18478
BRA,-57.5244,-11.2639,14919
BRA,-54.9467,-10.1821,13834
BRA,-58.0951,-15.6759,18737
BRA,-56.3284,-14.7192,17982
BRA,-56.3432,-15.772,18747
BRA,-56.0743,-13.8374,17341
BRA,-55.2556,-12.9834,16533
BRA,-53.0194,-14.9054,18129
BRA,-54.0524,-14.4265,17739
BRA,-54.4722,-16.6245,19375
BRA,-56.6261,-16.266,19129
BRA,-59.3435,-15.2219,18347
BRA,-51.6357,-10.8761,14614
BRA,-54.4208,-15.8299,18759
BRA,-54.2811,-15.544,18633
BRA,-52.1821,-12.6093,16255
BRA,-58.1772,-15.6276,18609
BRA,-51.8244,-12.9367,16554
BRA,-54.2487,-16.4549,19259
BRA,-54.6372,-16.4673,19257
BRA,-56.4236,-14.8259,17981
BRA,-51.4025,-12.0896,15785
BRA,-55.5091,-11.8604,15597
BRA,-55.7211,-12.5425,16234
BRA,-56.5178,-12.695,16379
BRA,-59.0683,-15.286,18349
BRA,-51.1186,-10.0137,13659
BRA,-48.2816,-15.7617,18796
BRA,-48.5076,-16.0834,19050
BRA,-47.51,-14.1305,17521
BRA,-46.491,-14.4797,17785
BRA,-48.953,-16.3281,19175
BRA,-49.2469,-16.8198,19522
BRA,-51.075,-14.9166,18141
BRA,-52.1728,-16.2063,19155
BRA,-48.9616,-16.6173,19408
BRA,-46.9265,-15.7995,18804
BRA,-50.9432,-18.7618,20848
BRA,-48.6246,-17.7441,20210
BRA,-49.0013,-16.7117,19523
BRA,-49.1511,-14.3137,17641
BRA,-46.7681,-13.035,16727
BRA,-49.6528,-14.2442,17638
BRA,-49.708,-15.3549,18533
BRA,-47.944,-18.1656,20434
BRA,-49.4936,-16.4447,19288
BRA,-47.4566,-13.7976,17264
BRA,-47.9252,-16.0765,19054
BRA,-48.7747,-15.7914,18793
BRA,-48.076,-14.1528,17518
BRA,-48.8117,-15.9245,18921
BRA,-47.6131,-16.7676,19532
BRA,-49.974,-14.5412,17892
BRA,-48.1511,-18.2644,20541
BRA,-49.6644,-17.4239,19981
BRA,-50.3622,-15.4473,18529
BRA,-47.0417,-14.4451,17781
BRA,-47.337,-15.54,18674
BRA,-48.6454,-16.4854,19293
BRA,-49.1162,-15.3118,18409
BRA,-50.14,-15.9333,18913
BRA,-49.2265,-16.9626,19638
BRA,-46.6335,-14.1011,17527
BRA,-51.118,-16.4398,19278
BRA,-49.806,-16.0206,19043
BRA,-51.3485,-18.7646,20845
BRA,-49.2158,-18.409300000000002,20642
BRA,-49.3344,-15.7529,18789
BRA,-49.3739,-15.9484,18917
BRA,-48.7428,-16.619,19409
BRA,-47.95,-16.253,19181
BRA,-49.1777,-14.0148,17511
BRA,-48.2206,-13.5304,17129
BRA,-46.8928,-13.2552,16867
BRA,-48.6853,-13.3485,16994
BRA,-49.2745,-13.7303,17253
BRA,-49.8817,-16.5808,19402
BRA,-48.4599,-14.4662,17773
BRA,-49.3872,-14.2868,17639
BRA,-49.3168,-16.3695,19289
BRA,-48.0417,-16.0592,19053
BRA,-48.2833,-15.1605,18285
BRA,-49.5784,-14.7608,18022
BRA,-48.9584,-15.8507,18920
BRA,-47.6089,-15.452,18546
BRA,-49.1503,-13.4391,16992
BRA,-46.3704,-14.0859,17528
BRA,-50.9192,-17.7923,20196
BRA,-49.1203,-15.1351,18280
BRA,-48.2578,-15.9412,18924
BRA,-46.7415,-13.621,17138
BRA,-47.2659,-13.7801,17265
BRA,-49.1396,-14.5238,17897
BRA,-48.5159,-16.7405,19526
BRA,-47.9297,-15.7795,18798
